[
  {
    "timestamp": 1545019794,
    "attachments": [
      {
        "data": [
          {
            "media": {
              "uri": "photos_and_videos/Family/alexander-dummer-UH-xs-FizTk-unsplash.jpg",
              "creation_timestamp": 1545019619,
              "title": "Mobile Uploads",
              "description": "Starting young with new technology."
            }
          }
        ]
      }
    ],
    "tags": [
      "Jenny", "Rachel", "Sara"
    ],
    "data": [
      {
        "post": "Starting young with new technology."
      }
    ]
  },
  {
    "timestamp": 1211249167,
    "attachments": [
      {
        "data": [
          {
            "media": {
              "uri": "photos_and_videos/Family/cdc-20YP7NENJzk-unsplash.jpg",
              "creation_timestamp": 1211249167,
              "title": "Family"
            }
          }
        ]
      }
    ],
    "title": "Deplatformr added a new photo."
  },
  {
    "timestamp": 1211512807,
    "data": [
      {
        "post": "Just had a great workout. Wish I would remember this feeling when sitting on the couch trying to go the gym."
      }
    ],
    "title": "Deplatformr updated their status."
  },
  {
    "timestamp": 1531857008,
    "data": [
      {
        "post": "Happy Anniversary Grace and Ted!"
      }
    ],
    "title": "Deplatformr wrote on Ted's timeline."
  },
  {
    "timestamp": 1545019794,
    "attachments": [
      {
        "data": [
          {
            "media": {
              "uri": "photos_and_videos/Family/cdc-SAwxJ8PHY3Q-unsplash.jpg",
              "creation_timestamp": 1545019619,
              "media_metadata": {
                "photo_metadata": {
                  "latitude": 40.014984,
                  "longitude": -105.270546
                }
              },
              "title": "Mobile Uploads",
              "description": "Happy birthday to the best dog ever!"
            }
          }
        ]
      }
    ],
    "tags": [
      "McGruff"
    ],
    "data": [
      {
        "post": "Happy birthday to the best dog ever!"
      }
    ]
  },
   {
    "timestamp": 1523980418,
    "attachments": [
      {
        "data": [
          {
            "external_context": {
              "url": "http://news.bbc.co.uk/2/hi/entertainment/6246448.stm"
            }
          }
        ]
      }
    ],
    "data": [
      {
        "post": "The news you didn't know you needed, the Spice Girls are back! http://news.bbc.co.uk/2/hi/entertainment/6246448.stm"
      },
      {
        "update_timestamp": 1523980418
      }
    ]
  },
  {
    "timestamp": 1523980418,
    "attachments": [
      {
        "data": [
          {
            "external_context": {
              "url": "https://www.cnet.com/news/unlocked-iphone-5-could-arrive-in-apples-web-store-tonight/"
            }
          }
        ]
      }
    ],
    "data": [
      {
        "post": "Apple is going to sell unlocked iPhones."
      },
      {
        "update_timestamp": 1523980418
      }
    ]
  },
    {
  "timestamp": 1502511462,
  "attachments": [
    {
      "data": [
        {
          "media": {
            "uri": "photos_and_videos/videos/video(0).mp4",
            "creation_timestamp": 1502511523,
            "media_metadata": {
              "video_metadata": {
                "upload_timestamp": 1502511462
              }
            },
            "title": "Mobile Uploads",
            "description": "Daddy's girl."
          }
        }
      ]
    }
  ],
  "tags": [
    "Steve", "Alicia"
  ],
  "data": [
    {
      "post": "Daddy's girl."
    }
  ]
  },
  {
  "timestamp": 1502511462,
  "attachments": [
    {
      "data": [
        {
          "media": {
            "uri": "photos_and_videos/videos/video(1).mp4",
            "creation_timestamp": 1502511523,
            "media_metadata": {
              "video_metadata": {
                "upload_timestamp": 1502511462
              }
            },
            "title": "Mobile Uploads",
            "description": "Last Christmas with Grandma."
          }
        }
      ]
    }
  ],
  "tags": [
    "Joy", "Kenny"
  ],
  "data": [
    {
      "post": "Last Christmas with Grandma."
    }
  ]
  },
  {
  "timestamp": 1502511462,
  "attachments": [
    {
      "data": [
        {
          "media": {
            "uri": "photos_and_videos/videos/video(2).mp4",
            "creation_timestamp": 1502511523,
            "media_metadata": {
              "video_metadata": {
                "upload_timestamp": 1502511462
              }
            },
            "title": "Mobile Uploads",
            "description": "We crashed a hot air balloon convention."
          }
        }
      ]
    }
  ],
  "data": [
    {
      "post": "We crashed a hot air balloon convention"
    }
  ]
  },
  {
  "timestamp": 1502511462,
  "attachments": [
    {
      "data": [
        {
          "media": {
            "uri": "photos_and_videos/videos/video(3).mp4",
            "creation_timestamp": 1502511523,
            "media_metadata": {
              "video_metadata": {
                "upload_timestamp": 1502511462
              }
            },
            "title": "Mobile Uploads",
            "description": "Magical Spain and Maria. Forever etched in my memory."
          }
        }
      ]
    }
  ],
  "tags": [
    "Spain", "Maria"
  ],
  "data": [
    {
      "post": "Magical Spain and Maria. Forever etched in my memory."
    }
  ]
  },
  {
  "timestamp": 1502511462,
  "attachments": [
    {
      "data": [
        {
          "media": {
            "uri": "photos_and_videos/videos/video(4).mp4",
            "creation_timestamp": 1502511523,
            "media_metadata": {
              "video_metadata": {
                "upload_timestamp": 1502511462
              }
            },
            "title": "Mobile Uploads",
            "description": "Finding sanctuary in the great outdoors."
          }
        }
      ]
    }
  ],
  "data": [
    {
      "post": "Finding sanctuary in the great outdoors."
    }
  ]
  },
  {
  "timestamp": 1502511462,
  "attachments": [
    {
      "data": [
        {
          "media": {
            "uri": "photos_and_videos/videos/video(5).mp4",
            "creation_timestamp": 1502511523,
            "media_metadata": {
              "video_metadata": {
                "upload_timestamp": 1502511462
              }
            },
            "title": "",
            "description": "Sunday morning snuggle time."
          }
        }
      ]
    }
  ],
  "data": [
    {
      "post": "Sunday morning snuggle time."
    }
  ]
  },
  {
  "timestamp": 1545019794,
  "attachments": [
    {
      "data": [
        {
          "media": {
            "uri": "photos_and_videos/Family/dimitri-houtteman-2P6Q7_uiDr0-unsplash.jpg",
            "creation_timestamp": 1545019619,
            "media_metadata": {
              "photo_metadata": {
                "latitude": 40.014984,
                "longitude": -105.270546
              }
            },
            "title": "Mobile Uploads",
            "description": "Siblings"
          }
        }
      ]
    }
  ],
  "data": [
    {
      "post": "Siblings"
    }
  ]
},
  {
  "timestamp": 1545019794,
  "attachments": [
    {
      "data": [
        {
          "media": {
            "uri": "photos_and_videos/Family/fabio-alves-BpeTaQozgN4-unsplash.jpg",
            "creation_timestamp": 1545019619,
            "title": "Mobile Uploads",
            "description": "Congratulations Todd and Kate!"
          }
        }
      ]
    }
  ],
  "tags": ["Todd", "Kate"
  ],
  "data": [
    {
      "post": "Congratulations Todd and Kate!"
    }
  ]
},
  {
  "timestamp": 1545019794,
  "attachments": [
    {
      "data": [
        {
          "media": {
            "uri": "photos_and_videos/Family/humphrey-muleba-Cc-CQTUkbH0-unsplash.jpg",
            "creation_timestamp": 1545019619,
            "title": "Mobile Uploads",
            "description": "'That's a good one, Daddy'"
          }
        }
      ]
    }
  ],
  "data": [
    {
      "post": "'That's a good one, Daddy'"
    }
  ]
},
  {
    "timestamp": 1211249167,
    "attachments": [
      {
        "data": [
          {
            "media": {
              "uri": "photos_and_videos/Family/irina-murza-vENEN2cryYQ-unsplash.jpg",
              "creation_timestamp": 1211249167,
              "title": "Family time"
            }
          }
        ]
      }
    ],
    "title": "Deplatformr added a new photo."
  },
    {
    "timestamp": 1211249167,
    "attachments": [
      {
        "data": [
          {
            "media": {
              "uri": "photos_and_videos/Family/jessica-rockowitz-5NLCaz2wJXE-unsplash.jpg",
              "creation_timestamp": 1211249167,
              "title": "Family time"
            }
          }
        ]
      }
    ],
    "title": "Deplatformr added a new photo."
  },
    {
    "timestamp": 1211249167,
    "attachments": [
      {
        "data": [
          {
            "media": {
              "uri": "photos_and_videos/Family/jessica-rockowitz-6c4Uhhe68yQ-unsplash.jpg",
              "creation_timestamp": 1211249167,
              "title": "Family time"
            }
          }
        ]
      }
    ],
    "title": "Deplatformr added a new photo."
  },
  {
  "timestamp": 1545019794,
  "attachments": [
    {
      "data": [
        {
          "media": {
            "uri": "photos_and_videos/Family/jude-beck-a-nWU0o73r4-unsplash.jpg",
            "creation_timestamp": 1545019619,
            "title": "Mobile Uploads",
            "description": "Beautiful sunset. Beautiful family."
          }
        }
      ]
    }
  ],
  "data": [
    {
      "post": "Beautiful sunset. Beautiful family."
    }
  ]
},
    {
    "timestamp": 1211249167,
    "attachments": [
      {
        "data": [
          {
            "media": {
              "uri": "photos_and_videos/Family/kelli-mcclintock-wBgAVAGjzFg-unsplash.jpg",
              "creation_timestamp": 1211249167,
              "title": "Mobile Uploads"
            }
          }
        ]
      }
    ],
    "title": "Deplatformr added a new photo."
  },
  {
  "timestamp": 1545019794,
  "attachments": [
    {
      "data": [
        {
          "media": {
            "uri": "photos_and_videos/Family/kelly-sikkema-WvVyudMd1Es-unsplash.jpg",
            "creation_timestamp": 1545019619,
            "title": "Mobile Uploads",
            "description": "Welcome to the family, Billy."
          }
        }
      ]
    }
  ],
  "tags": ["Billy"
  ],
  "data": [
    {
      "post": "Welcome to the family, Billy."
    }
  ]
},
{
  "timestamp": 1545019794,
  "attachments": [
    {
      "data": [
        {
          "media": {
            "uri": "photos_and_videos/Family/pablo-merchan-montes-wYOPqmtDD0w-unsplash.jpg",
            "creation_timestamp": 1545019619,
            "title": "Mobile Uploads",
            "description": "A great dinner."
          }
        }
      ]
    }
  ],
  "data": [
    {
      "post": "A great dinner."
    }
  ]
},
{
    "timestamp": 1211249167,
    "attachments": [
      {
        "data": [
          {
            "media": {
              "uri": "photos_and_videos/Family/sandy-millar-KhStXRVhfog-unsplash.jpg",
              "creation_timestamp": 1211249167,
              "title": "Mobile Uploads"
            }
          }
        ]
      }
    ],
    "title": "Deplatformr added a new photo."
  },
  {
    "timestamp": 1211249167,
    "attachments": [
      {
        "data": [
          {
            "media": {
              "uri": "photos_and_videos/Family/tyler-nix-V3dHmb1MOXM-unsplash.jpg",
              "creation_timestamp": 1211249167,
              "title": "Mobile Uploads",
              "description": "A beautiful way to end our Mexico family reunion."
            }
          }
        ]
      }
    ],
    "data": [
    {
      "post": "A beautiful way to end our Mexico family reunion."
    }
  ]
  },
  {
    "timestamp": 1211249167,
    "attachments": [
      {
        "data": [
          {
            "media": {
              "uri": "photos_and_videos/Family/xavier-mouton-photographie-ry_sD0P1ZL0-unsplash.jpg",
              "creation_timestamp": 1211249167,
              "title": "Mobile Uploads"
            }
          }
        ]
      }
    ],
    "title": "Deplatformr added a new photo."
  },
  {
    "timestamp": 1211249167,
    "attachments": [
      {
        "data": [
          {
            "media": {
              "uri": "photos_and_videos/Travel/dino-reichmuth-A5rCN8626Ck-unsplash.jpg",
              "creation_timestamp": 1211249167,
              "title": "Mobile Uploads",
              "description": "The Yellow Submarine doing fine in the the heat."
            }
          }
        ]
      }
    ],
    "data": [
    {
      "post": "The Yellow Submarine doing fine in the the heat."
    }
  ]
  },
  {
    "timestamp": 1211249167,
    "attachments": [
      {
        "data": [
          {
            "media": {
              "uri": "photos_and_videos/Travel/ian-dooley-hpTH5b6mo2s-unsplash.jpg",
              "creation_timestamp": 1211249167,
              "title": "Mobile Uploads",
              "description": "Balloons everywhere!"
            }
          }
        ]
      }
    ],
    "data": [
    {
      "post": "Balloons everywhere!"
    }
  ]
  },
  {
    "timestamp": 1211249167,
    "attachments": [
      {
        "data": [
          {
            "media": {
              "uri": "photos_and_videos/Travel/jeshoots-com-mSESwdMZr-A-unsplash.jpg",
              "creation_timestamp": 1211249167,
              "title": "Mobile Uploads",
              "description": "Another day, another airport."
            }
          }
        ]
      }
    ],
    "data": [
    {
      "post": "Another day, another airport."
    }
  ]
  },
  {
    "timestamp": 1211249167,
    "attachments": [
      {
        "data": [
          {
            "media": {
              "uri": "photos_and_videos/Travel/luca-bravo-O453M2Liufs-unsplash.jpg",
              "creation_timestamp": 1211249167,
              "title": "Mobile Uploads"
            },
            "media": {
              "uri": "photos_and_videos/Travel/philipp-kammerer-6Mxb_mZ_Q8E-unsplash.jpg",
              "creation_timestamp": 1211249167,
              "title": "Mobile Uploads"
            },
            "media": {
              "uri": "photos_and_videos/Travel/simon-migaj-Yui5vfKHuzs-unsplash.jpg",
              "creation_timestamp": 1211249167,
              "title": "Mobile Uploads"
            },
            "media": {
              "uri": "photos_and_videos/Travel/tyler-nix-q-motCAvPBM-unsplash.jpg",
              "creation_timestamp": 1211249167,
              "title": "Mobile Uploads"
            }
          }
        ]
      }
    ],
    "title": "Banff National Park"
  },
  {
    "timestamp": 1211249167,
    "attachments": [
      {
        "data": [
          {
            "media": {
              "uri": "photos_and_videos/Travel/timo-stern-iUBgeNeyVy8-unsplash.jpg",
              "creation_timestamp": 1211249167,
              "title": "Mobile Uploads",
              "description": "Getting lost in Florence."
            }
          }
        ]
      }
    ],
    "data": [
    {
      "post": "Getting lost in Florence."
    }
  ]
  },
    {
    "timestamp": 1211249167,
    "attachments": [
      {
        "data": [
          {
            "media": {
              "uri": "photos_and_videos/Travel/tom-barrett-M0AWNxnLaMw-unsplash.jpg",
              "creation_timestamp": 1211249167,
              "title": "Mobile Uploads",
              "description": "Goodbye Hong Kong"
            }
          }
        ]
      }
    ],
    "data": [
    {
      "post": "Goodbye Hong Kong"
    }
  ]
  }
]