{
  "videos": [
    {
      "uri": "photos_and_videos/videos/video(0).mp4",
      "creation_timestamp": 1300585758,
      "media_metadata": {
        "video_metadata": {
          "upload_timestamp": 0
        }
      },
      "thumbnail": {
        ""
      },
      "description": "Daddy's girl."
    },
    {
      "uri": "photos_and_videos/videos/video(1).mp4",
      "creation_timestamp": 1300585758,
      "media_metadata": {
        "video_metadata": {
          "upload_timestamp": 0
        }
      },
      "thumbnail": {
        ""
      },
      "description": "Last Christmas with Grandma."
    },
    {
      "uri": "photos_and_videos/videos/video(2).mp4",
      "creation_timestamp": 1300585758,
      "media_metadata": {
        "video_metadata": {
          "upload_timestamp": 0
        }
      },
      "thumbnail": {
        ""
      },
      "description": "We crashed a hot air balloon convention."
    },
    {
      "uri": "photos_and_videos/videos/video(3).mp4",
      "creation_timestamp": 1300585758,
      "media_metadata": {
        "video_metadata": {
          "upload_timestamp": 0
        }
      },
      "thumbnail": {
        ""
      },
      "description": "Magical Spain and Maria. Forever etched in my memory."
    },
    {
      "uri": "photos_and_videos/videos/video(4).mp4",
      "creation_timestamp": 1300585758,
      "media_metadata": {
        "video_metadata": {
          "upload_timestamp": 0
        }
      },
      "thumbnail": {
        ""
      },
      "description": "Finding sanctuary in the great outdoors."
    },
    {
      "uri": "photos_and_videos/videos/video(5).mp4",
      "creation_timestamp": 1300585758,
      "media_metadata": {
        "video_metadata": {
          "upload_timestamp": 0
        }
      },
      "thumbnail": {
        ""
      },
      "description": "Sunday morning snuggle time."
    },
  ]
}