{
  "profile_updates": [
    {
      "timestamp": 1595095221,
      "attachments": [
        {
          "data": [
            {
              "media": {
                "uri": "photos_and_videos/ProfilePictures/billy-chester-pdC8onszs6o-unsplash.jpg",
                "creation_timestamp": 1513445303,
                "title": "Profile Pictures"
              }
            }
          ]
        }
      ],
      "title": "Deplatformr updated their profile picture."
    },
    {
      "timestamp": 1595095221,
      "attachments": [
        {
          "data": [
            {
              "media": {
                "uri": "photos_and_videos/ProfilePictures/prince-akachi-J1OScm_uHUQ-unsplash.jpg",
                "creation_timestamp": 1513445303,
                "title": "Profile Pictures"
              }
            }
          ]
        }
      ],
      "title": "Deplatformr updated their profile picture."
    },
    {
      "timestamp": 1565030496,
      "attachments": [
        {
          "data": [
            {
              "media": {
                "uri": "photos_and_videos/ProfilePictures/christian-buehner-DItYlc26zVI-unsplash.jpg",
                "creation_timestamp": 1565030496,
                "title": "Profile Pictures",
                "description": "New glasses!"
              }
            }
          ]
        }
      ],
      "title": "Deplatformr updated their profile picture."
    },
    {
      "timestamp": 1565030496,
      "attachments": [
        {
          "data": [
            {
              "media": {
                "uri": "photos_and_videos/ProfilePictures/taylor-wright-g0pb9aXpbgQ-unsplash.jpg",
                "creation_timestamp": 1565030496,
                "title": "Profile Pictures"
              }
            }
          ]
        }
      ],
      "title": "Deplatformr updated their profile picture."
    },
    {
      "timestamp": 1519916365,
      "attachments": [
        {
          "data": [
            {
              "media": {
                "uri": "photos_and_videos/CoverPhotos/andreas-kind-bUhzlj3gGso-unsplash.jpg",
                "creation_timestamp": 1513444915,
                "title": "Cover Photos",
                "description": "Soaring!"
              }
            }
          ]
        }
      ],
      "title": "Deplatformr updated their cover photo."
    },
    {
      "timestamp": 1519915899,
      "attachments": [
        {
          "data": [
            {
              "media": {
                "uri": "photos_and_videos/ProfilePictures/elizeu-dias-2EGNqazbAMk-unsplash.jpg",
                "creation_timestamp": 1519915900,
                "title": "Profile Pictures"
              }
            }
          ]
        }
      ],
      "title": "Deplatformr updated their profile picture."
    },
    {
      "timestamp": 1519915899,
      "attachments": [
        {
          "data": [
            {
              "media": {
                "uri": "photos_and_videos/ProfilePictures/matheus-ferrero-36_ScqcdHho-unsplash.jpg",
                "creation_timestamp": 1519915900,
                "title": "Profile Pictures"
              }
            }
          ]
        }
      ],
      "title": "Deplatformr updated their profile picture."
    },
    {
      "timestamp": 1518185911,
      "attachments": [
        {
          "data": [
            {
              "media": {
                "uri": "photos_and_videos/ProfilePictures/etty-fidele-6UWqw25wfLI-unsplash.jpg",
                "creation_timestamp": 1518185911,
                "title": "Profile Pictures"
              }
            }
          ]
        }
      ],
      "title": "Deplatformr updated their profile picture."
    },
    {
      "timestamp": 1519915899,
      "attachments": [
        {
          "data": [
            {
              "media": {
                "uri": "photos_and_videos/ProfilePictures/raychan-4UwmXw_arF8-unsplash.jpg",
                "creation_timestamp": 1519915900,
                "title": "Profile Pictures"
              }
            }
          ]
        }
      ],
      "title": "Deplatformr updated their profile picture."
    },
    {
      "timestamp": 1518183335,
      "attachments": [
        {
          "data": [
            {
              "media": {
                "uri": "photos_and_videos/CoverPhotos/dan-freeman-wAn4RfmXtxU-unsplash.jpg",
                "creation_timestamp": 1518183129,
                "title": "Cover Photos",
                "description": "I could stay here forever."
              }
            }
          ]
        }
      ],
      "title": "Deplatformr updated their cover photo."
    },
    {
      "timestamp": 1518182693,
      "attachments": [
        {
          "data": [
            {
              "media": {
                "uri": "photos_and_videos/ProfilePictures/jonas-kakaroto-KIPqvvTOC1s-unsplash.jpg",
                "creation_timestamp": 1518182694,
                "title": "Profile Pictures",
                "description": "Feeling confident"
              }
            }
          ]
        }
      ],
      "title": "Deplatformr updated their profile picture."
    },
    {
      "timestamp": 1519915899,
      "attachments": [
        {
          "data": [
            {
              "media": {
                "uri": "photos_and_videos/ProfilePictures/naveen-kumar-QGkGM70eMBw-unsplash.jpg",
                "creation_timestamp": 1519915900,
                "title": "Profile Pictures"
              }
            }
          ]
        }
      ],
      "title": "Deplatformr updated their profile picture."
    },
    {
      "timestamp": 1518182582,
      "attachments": [
        {
          "data": [
            {
              "media": {
                "uri": "photos_and_videos/ProfilePictures/julian-wan-WNoLnJo7tS8-unsplash.jpg",
                "creation_timestamp": 1237951751,
                "title": "Profile Pictures",
                "description": "Found the styling gel!"
              }
            }
          ]
        }
      ],
      "title": "Deplatformr updated their profile picture."
    },
    {
      "timestamp": 1516725735,
      "attachments": [
        {
          "data": [
            {
              "media": {
                "uri": "photos_and_videos/CoverPhotos/daniel-leone-v7daTKlZzaw-unsplash.jpg",
                "creation_timestamp": 1513444915,
                "title": "Cover Photos"
              }
            }
          ]
        }
      ],
      "title": "Deplatformr updated their cover photo."
    },
    {
      "timestamp": 1519915899,
      "attachments": [
        {
          "data": [
            {
              "media": {
                "uri": "photos_and_videos/ProfilePictures/darshan-patel-QJEVpydulGs-unsplash.jpg",
                "creation_timestamp": 1519915900,
                "title": "Profile Pictures"
              }
            }
          ]
        }
      ],
      "title": "Deplatformr updated their profile picture."
    },
    {
      "timestamp": 1516656527,
      "attachments": [
        {
          "data": [
            {
              "media": {
                "uri": "photos_and_videos/CoverPhotos/javen-yang-MWZi4XTIsKA-unsplash.jpg",
                "creation_timestamp": 1516656511,
                "title": "Cover Photos"
              }
            }
          ]
        }
      ],
      "title": "Deplatformr updated their cover photo."
    },
    {
      "timestamp": 1519915899,
      "attachments": [
        {
          "data": [
            {
              "media": {
                "uri": "photos_and_videos/ProfilePictures/joseph-gonzalez-iFgRcqHznqg-unsplash.jpg",
                "creation_timestamp": 1519915900,
                "title": "Profile Pictures"
              }
            }
          ]
        }
      ],
      "title": "Deplatformr updated their profile picture."
    },
    {
      "timestamp": 1516279627,
      "attachments": [
        {
          "data": [
            {
              "media": {
                "uri": "photos_and_videos/ProfilePictures/jmitchell-luo-ymo_yC_N_2o-unsplash.jpg",
                "creation_timestamp": 1501819676,
                "title": "Profile Pictures",
                "description": "Starting new job today!"
              }
            }
          ]
        }
      ],
      "title": "Deplatformr updated their profile picture."
    },
    {
      "timestamp": 1515477644,
      "attachments": [
        {
          "data": [
            {
              "media": {
                "uri": "photos_and_videos/ProfilePictures/oz-seyrek--Ir03_pgpMU-unsplash.jpg",
                "creation_timestamp": 1515477644,
                "title": "Profile Pictures",
                "description": "The company had us all do 'professional' profile shots."
              }
            }
          ]
        }
      ],
      "title": "Deplatformr updated their profile picture."
    },
    {
      "timestamp": 1513575512,
      "attachments": [
        {
          "data": [
            {
              "media": {
                "uri": "photos_and_videos/ProfilePictures/rui-silvestre-hAMJpesMeDE-unsplash.jpg",
                "creation_timestamp": 1513445303,
                "title": "Profile Pictures"
              }
            }
          ]
        }
      ],
      "title": "Deplatformr updated their profile picture."
    },
    {
      "timestamp": 1513445302,
      "attachments": [
        {
          "data": [
            {
              "media": {
                "uri": "photos_and_videos/ProfilePictures/jakob-owens-lkMJcGDZLVs-unsplash.jpg",
                "creation_timestamp": 1513445303,
                "title": "Profile Pictures",
                "description": "Mountain man beard."
              }
            }
          ]
        }
      ],
      "title": "Deplatformr updated their profile picture."
    },
    {
      "timestamp": 1513444930,
      "attachments": [
        {
          "data": [
            {
              "media": {
                "uri": "photos_and_videos/CoverPhotos/john-towner-JgOeRuGD_Y4-unsplash.jpg",
                "creation_timestamp": 1513444915,
                "title": "Cover Photos"
              }
            }
          ]
        }
      ],
      "title": "Deplatformr updated their cover photo."
    },
    {
      "timestamp": 1513575512,
      "attachments": [
        {
          "data": [
            {
              "media": {
                "uri": "photos_and_videos/ProfilePictures/etty-fidele-nF8eo2nX374-unsplash.jpg",
                "creation_timestamp": 1513445303,
                "title": "Profile Pictures"
              }
            }
          ]
        }
      ],
      "title": "Deplatformr updated their profile picture."
    },
    {
      "timestamp": 1490799535,
      "attachments": [
        {
          "data": [
            {
              "media": {
                "uri": "photos_and_videos/CoverPhotos/lance-asper-3P3NHLZGCp8-unsplash.jpg",
                "creation_timestamp": 1465680374,
                "title": "Cover Photos"
              }
            }
          ]
        }
      ],
      "title": "Deplatformr updated their cover photo."
    },
    {
      "timestamp": 1490652905,
      "attachments": [
        {
          "data": [
            {
              "media": {
                "uri": "photos_and_videos/CoverPhotos/mark-basarab-1OtUkD_8svc-unsplash.jpg",
                "creation_timestamp": 1490652905,
                "title": "Cover Photos"
              }
            }
          ]
        }
      ],
      "title": "Deplatformr updated their cover photo."
    },
    {
      "timestamp": 1465680389,
      "attachments": [
        {
          "data": [
            {
              "media": {
                "uri": "photos_and_videos/CoverPhotos/matteo-catanese-PI8Hk-3ZcCU-unsplash.jpg",
                "creation_timestamp": 1465680374,
                "title": "Cover Photos"
              }
            }
          ]
        }
      ],
      "title": "Deplatformr updated their cover photo."
    },
    {
      "timestamp": 1462906318,
      "attachments": [
        {
          "data": [
            {
              "media": {
                "uri": "photos_and_videos/CoverPhotos/tim-goedhart-vnpTRdmtQ30-unsplash.jpg",
                "creation_timestamp": 1462906317,
                "title": "Cover Photos"
              }
            }
          ]
        }
      ],
      "title": "Deplatformr updated their cover photo."
    },
    {
      "timestamp": 1513575512,
      "attachments": [
        {
          "data": [
            {
              "media": {
                "uri": "photos_and_videos/ProfilePictures/freestocks-9UVmlIb0wJU-unsplash.jpg",
                "creation_timestamp": 1513445303,
                "title": "Profile Pictures"
              }
            }
          ]
        }
      ],
      "title": "Deplatformr updated their profile picture."
    },
    {
      "timestamp": 1443728723,
      "attachments": [
        {
          "data": [
            {
              "media": {
                "uri": "photos_and_videos/CoverPhotos/z-s-nqVDLh2WLus-unsplash.jpg",
                "creation_timestamp": 1443728720,
                "title": "Cover Photos",
                "description": "Mountain mist at the cabin this morning."
              }
            }
          ]
        }
      ],
      "title": "Deplatformr updated their cover photo."
    }
  ]
}