{
  "name": "Cover Photos",
  "photos": [
    {
      "uri": "photos_and_videos/CoverPhotos/andreas-kind-bUhzlj3gGso-unsplash.jpg",
      "creation_timestamp": 1325172512,
      "title": "Cover Photos",
      "description": "Soaring!"
    },
    {
      "uri": "photos_and_videos/CoverPhotos/dan-freeman-wAn4RfmXtxU-unsplash.jpg",
      "creation_timestamp": 1325172512,
      "title": "Cover Photos",
      "description": "I could stay here forever."
    },
    {
      "uri": "photos_and_videos/CoverPhotos/john-towner-JgOeRuGD_Y4-unsplash.jpg",
      "creation_timestamp": 1325172512,
      "title": "Cover Photos"
    },
    {
      "uri": "photos_and_videos/CoverPhotos/mark-basarab-1OtUkD_8svc-unsplash.jpg",
      "creation_timestamp": 1325172512,
      "title": "Cover Photos"
    },
    {
      "uri": "photos_and_videos/CoverPhotos/daniel-leone-v7daTKlZzaw-unsplash.jpg",
      "creation_timestamp": 1325172512,
      "title": "Cover Photos"
    },
    {
      "uri": "photos_and_videos/CoverPhotos/matteo-catanese-PI8Hk-3ZcCU-unsplash.jpg",
      "creation_timestamp": 1325172512,
      "title": "Cover Photos"
    },
    {
      "uri": "photos_and_videos/CoverPhotos/javen-yang-MWZi4XTIsKA-unsplash.jpg",
      "creation_timestamp": 1325172512,
      "title": "Cover Photos"
    },
    {
      "uri": "photos_and_videos/CoverPhotos/tim-goedhart-vnpTRdmtQ30-unsplash.jpg",
      "creation_timestamp": 1325172512,
      "title": "Cover Photos"
    },
    {
      "uri": "photos_and_videos/CoverPhotos/lance-asper-3P3NHLZGCp8-unsplash.jpg",
      "creation_timestamp": 1325172512,
      "title": "Cover Photos"
    },
    {
      "uri": "photos_and_videos/CoverPhotos/z-s-nqVDLh2WLus-unsplash.jpg",
      "creation_timestamp": 1325172512,
      "title": "Cover Photos",
      "description": "Mountain mist at the cabin this morning."
    }
  ],
  "cover_photo": {
    "uri": "photos_and_videos/CoverPhotos/z-s-nqVDLh2WLus-unsplash.jpg",
    "creation_timestamp": 1361038523,
    "title": "Cover Photos",
     "description": "Mountain mist at the cabin this morning."
  },
  "last_modified_timestamp": 1518183335
}