{
  "name": "Family",
  "photos": [
    {
      "uri": "photos_and_videos/Family/alexander-dummer-UH-xs-FizTk-unsplash.jpg",
      "creation_timestamp": 1220674188,
      "title": "Family",
      "description": "Starting young with new technology."
    },
    {
      "uri": "photos_and_videos/Family/cdc-20YP7NENJzk-unsplash.jpg",
      "creation_timestamp": 1220674188,
      "title": "Family"
    },
    {
      "uri": "photos_and_videos/Family/cdc-SAwxJ8PHY3Q-unsplash.jpg",
      "creation_timestamp": 1220674188,
      "title": "Family",
      "description": "Happy birthday to the best dog ever!"
    },
    {
      "uri": "photos_and_videos/Family/dimitri-houtteman-2P6Q7_uiDr0-unsplash.jpg",
      "creation_timestamp": 1220674188,
      "title": "Family",
      "description": "Siblings"
    },
    {
      "uri": "photos_and_videos/Family/fabio-alves-BpeTaQozgN4-unsplash.jpg",
      "creation_timestamp": 1220674188,
      "title": "Family",
      "description": "Congratulations Todd and Kate!"
    },
    {
      "uri": "photos_and_videos/Family/fabio-alves-BpeTaQozgN4-unsplash.jpg",
      "creation_timestamp": 1220674188,
      "title": "Family",
      "description": "Congratulations Todd and Kate"
    },
    {
      "uri": "photos_and_videos/Family/humphrey-muleba-Cc-CQTUkbH0-unsplash.jpg",
      "creation_timestamp": 1220674188,
      "title": "Family"
    },
    {
      "uri": "photos_and_videos/Family/irina-murza-vENEN2cryYQ-unsplash.jpg",
      "creation_timestamp": 1220674188,
      "title": "Family"
    },
    {
      "uri": "photos_and_videos/Family/jessica-rockowitz-5NLCaz2wJXE-unsplash.jpg",
      "creation_timestamp": 1220674188,
      "title": "Family"
    },
    {
      "uri": "photos_and_videos/Family/jessica-rockowitz-6c4Uhhe68yQ-unsplash.jpg",
      "creation_timestamp": 1220674188,
      "title": "Family"
    },
    {
      "uri": "photos_and_videos/Family/jude-beck-a-nWU0o73r4-unsplash.jpg",
      "creation_timestamp": 1220674188,
      "title": "Family",
      "description": "Beautiful sunset. Beautiful family."
    },
    {
      "uri": "photos_and_videos/Family/kelli-mcclintock-wBgAVAGjzFg-unsplash.jpg",
      "creation_timestamp": 1220674188,
      "title": "Family"
    },
    {
      "uri": "photos_and_videos/Family/kelly-sikkema-WvVyudMd1Es-unsplash.jpg",
      "creation_timestamp": 1220674188,
      "title": "Family",
      "description": "Welcome to the family, Billy."
    },
    {
      "uri": "photos_and_videos/Family/pablo-merchan-montes-wYOPqmtDD0w-unsplash.jpg",
      "creation_timestamp": 1220674188,
      "title": "Family",
      "description": "A great dinner."
    },
    {
      "uri": "photos_and_videos/Family/sandy-millar-KhStXRVhfog-unsplash.jpg",
      "creation_timestamp": 1220674188,
      "title": "Family"
    },
    {
      "uri": "photos_and_videos/Family/tyler-nix-V3dHmb1MOXM-unsplash.jpg",
      "creation_timestamp": 1220674188,
      "title": "Family",
      "description": "A beautiful way to end our Mexico family reunion."
    },
    {
      "uri": "photos_and_videos/Family/xavier-mouton-photographie-ry_sD0P1ZL0-unsplash.jpg",
      "creation_timestamp": 1220674188,
      "title": "Family"
    }
  ],
  "cover_photo": {
    "uri": "photos_and_videos/Family/tyler-nix-V3dHmb1MOXM-unsplash.jpg",
    "creation_timestamp": 1220674188,
    "title": "Family",
    "description": "A beautiful way to end our Mexico family reunion."
  },
  "last_modified_timestamp": 1220674194,
  "description": "I am lucky to have so many wonderful relatives and friends in my life. You are all family to me."
}